<?xml version="1.0" encoding="UTF-8"?>
<project-private xmlns="http://www.netbeans.org/ns/project-private/1">
    <editor-bookmarks xmlns="http://www.netbeans.org/ns/editor-bookmarks/2" lastBookmarkId="0"/>
    <open-files xmlns="http://www.netbeans.org/ns/projectui-open-files/2">
        <group>
            <file>file:/Users/gianvito/wayDirect/src/it/innovationteam/Utility/Popup.java</file>
            <file>file:/Users/gianvito/wayDirect/src/it/innovationteam/GestioneAccount/CodiceConfermaBnd.java</file>
            <file>file:/Users/gianvito/wayDirect/src/it/innovationteam/GestioneAccount/SchermataImpostazioni.java</file>
            <file>file:/Users/gianvito/wayDirect/src/it/innovationteam/GestioneAccount/SchermataRecuperoPassword.java</file>
            <file>file:/Users/gianvito/wayDirect/src/it/innovationteam/GestioneAccount/AccountCtrl.java</file>
            <file>file:/Users/gianvito/wayDirect/src/it/innovationteam/GestionePrenotazione/PrenotazioneCtrl.java</file>
            <file>file:/Users/gianvito/wayDirect/src/it/innovationteam/GestioneAccount/SchermataAccesso.java</file>
            <file>file:/Users/gianvito/wayDirect/src/it/innovationteam/GestioneAccount/SchermataPrincipaleCliente.java</file>
            <file>file:/Users/gianvito/wayDirect/src/it/innovationteam/Utility/DBMSAppBnd.java</file>
            <file>file:/Users/gianvito/wayDirect/src/it/innovationteam/GestioneAccount/ProfiloBnd.java</file>
            <file>file:/Users/gianvito/wayDirect/src/it/innovationteam/Utility/Utils.java</file>
            <file>file:/Users/gianvito/wayDirect/src/it/innovationteam/GestioneAccount/ModificaPassword.java</file>
            <file>file:/Users/gianvito/wayDirect/src/it/innovationteam/GestioneAccount/SchermataRegistrazione.java</file>
        </group>
    </open-files>
</project-private>
